{
  "model": "Transformer (Attention Is All You Need)",
  "params": 76938496,
  "d_model": 512,
  "num_heads": 8,
  "num_encoder_layers": 6,
  "num_decoder_layers": 6,
  "epochs_trained": 30,
  "best_val_loss": 1.1720897754033406,
  "best_val_ppl": 3.2287329198783383,
  "bleu_score": 45.709203101256165,
  "bleu_precisions": [
    72.02637585594725,
    52.06108217848001,
    39.431157078215904,
    31.038822732113466
  ],
  "bleu_bp": 0.9875663209809599,
  "meteor_score": 66.55798893201647,
  "ter_score": 38.60136329209796,
  "train_losses": [
    3.036712327425003,
    1.831267037481308,
    1.677475248106003,
    1.5990899041261672,
    1.549450392991066,
    1.5140966863985061,
    1.4859826332359314,
    1.4640961406402588,
    1.4461779831857682,
    1.431324287276268,
    1.4182643996257782,
    1.406599132689476,
    1.3960887704458236,
    1.3862403505868912,
    1.3771804190101624,
    1.3695239305257798,
    1.3619091551761626,
    1.3545982646751404,
    1.3483355942926407,
    1.3424849955949782,
    1.337311166949272,
    1.3318036389846801,
    1.3267841622686387,
    1.322171657357216,
    1.3173767561235428,
    1.3135198687353133,
    1.3098545505552293,
    1.3056118750724792,
    1.3020701161546706,
    1.299227867635727
  ],
  "val_losses": [
    1.655795458346437,
    1.443767300096609,
    1.3658926599780046,
    1.3196326910102434,
    1.2923643481259965,
    1.2699382657048393,
    1.2560172500246662,
    1.243985010574093,
    1.2324023767042969,
    1.2246514284341348,
    1.2202031056759721,
    1.2117364930231018,
    1.20301641683794,
    1.2016357074012864,
    1.1961541876281048,
    1.1936814584637765,
    1.1909380396880673,
    1.1898900011164995,
    1.183574428834484,
    1.1854436373980033,
    1.1805118064759141,
    1.183939162452342,
    1.1810204610649475,
    1.1821567220876446,
    1.1805751658765609,
    1.1788995269328186,
    1.179002138349296,
    1.1766689123406922,
    1.1720897754033406,
    1.1748826842186815
  ]
}